 , ,Attribute Set,Attribute Code *,Scope,Catalog Input Type for Store Owner,"Default Value
(Depends on Input Type)",Unique Value,Value Required,Input Validation for Store Owner,Apply To *,Use in Quick Search,Use in Advanced Search,Comparable in Frontend,Use In Layered Navigation,Use In Search Results Layered Navigation,Use for Promo Rule Conditions,Position,Allow HTML Tags on Frontend,Visible on Product View Page on Frontend,Used in Product Listing,Used for Sorting in Product Listing,,"Admin Titles / 
Default Store View","Options / Values
Same as NE's Property Description",,,,,,
,Fred,b01_Computer_Case,b01000_case-fan-120mm,Website,Text Area,N/A,No,No,None,All Product Types,No,,Yes,Filterable (With Results),Yes,No,6,,Yes,Yes,No,,120mm Fans,N/A,,,,,,
,Fred,b01_Computer_Case,b01010_case-fan-140mm,Website,Text Area,N/A,No,No,None,All Product Types,No,,Yes,Filterable (With Results),Yes,No,7,,Yes,Yes,No,,140mm Fans,N/A,,,,,,
,Fred,b01_Computer_Case,b01030_case-fan-200mm,Website,Text Area,N/A,No,No,None,All Product Types,No,,Yes,Filterable (With Results),Yes,No,8,,Yes,Yes,No,,200mm Fans,N/A,,,,,,
,Fred,b01_Computer_Case,b01040_case-fan-220mm,Website,Text Area,N/A,No,No,None,All Product Types,No,,Yes,No,No,No,,,Yes,Yes,No,,220mm Fans,N/A,,,,,,
,Fred,b01_Computer_Case,b01050_case-fan-230mm,Website,Text Area,N/A,No,No,None,All Product Types,No,,Yes,No,No,No,,,Yes,Yes,No,,230mm Fans,N/A,,,,,,
,Fred,b01_Computer_Case,b01110_case-fan-80mm,Website,Text Area,N/A,No,No,None,All Product Types,No,,Yes,Filterable (With Results),Yes,No,5,,Yes,Yes,No,,80mm Fans,N/A,,,,,,
,Fred,b01_Computer_Case,b01120_case-fan-90mm,Website,Text Area,N/A,No,No,None,All Product Types,No,,Yes,No,No,No,,,Yes,Yes,No,,90mm Fans,N/A,,,,,,
,Fred,b01_Computer_Case,b01130_case-brand,Website,Text Field,N/A,No,No,None,All Product Types,No,,Yes,No,No,No,,,Yes,Yes,No,,Brand,Rosewill,,,,,,
,Fred,b01_Computer_Case,b01140_case-material,Website,Text Area,N/A,No,No,None,All Product Types,No,,Yes,No,No,No,,,Yes,Yes,No,,Material,"SECC Steal, SGCC Steel",,,,,,
,Fred,b01_Computer_Case,b01150_case-color,Website,Text Field,N/A,No,No,None,All Product Types,No,,Yes,No,No,No,,,Yes,Yes,No,,Color,"Black, Blue, White,",,,,,,
,Fred,b01_Computer_Case,b01160_case-dimension,Website,Text Area,N/A,No,No,None,All Product Types,No,,Yes,No,No,No,,,Yes,Yes,No,,Dimension  (H x W x D: inch/cm),N/A,,,,,,
,Fred,b01_Computer_Case,b01170_case-expansion-slot,Website,Dropdown,N/A,No,No,None,All Product Types,No,,Yes,No,No,No,,,Yes,Yes,No,,Expansion Slot,"1,2,3,4,5,6,7,8,9,10,11,12",,,,,,
,Fred,b01_Computer_Case,b01200_case-front-ports,Website,Text Area,N/A,No,No,None,All Product Types,No,,Yes,No,No,No,,,Yes,Yes,No,,Front Ports,N/A,,,,,,
,Fred,b01_Computer_Case,b01220_case-max-graphic-length,Website,Text Field,N/A,No,No,None,All Product Types,No,,Yes,No,No,No,,,Yes,Yes,No,,Max Graphic Card Length,N/A,,,,,,
,Fred,b01_Computer_Case,b01230_case-model-number,Website,Text Field,N/A,No,No,None,All Product Types,Yes,,Yes,No,No,No,,,Yes,Yes,No,,Model Number,N/A,,,,,,
,Fred,b01_Computer_Case,b01240_case-motherboard-compatibility,Website,Multiple Select,N/A,No,No,None,All Product Types,Yes,,Yes,Filterable (Without Results),Yes,No,2,,Yes,Yes,No,,Motherboard Compatibility,"ITX, Micro ATX, ATX, E-ATX",,,,,,
,Fred,b01_Computer_Case,b01250_case-psu,Website,Text Field,N/A,No,No,None,All Product Types,No,,Yes,No,No,No,,,Yes,Yes,No,,Power Supply,N/A,,,,,,
,Fred,b01_Computer_Case,b01260_case-power-supply-mount,Website,Dropdown,N/A,No,No,None,All Product Types,No,,Yes,No,No,No,,,Yes,Yes,No,,Power Supply Mount,"Bottom, Top",,,,,,
,Fred,b01_Computer_Case,b01270_case-psu-main-connector,Website,Text Field,N/A,No,No,None,All Product Types,No,,Yes,No,No,No,,,Yes,Yes,No,,Power Supply Main Connector,N/A,,,,,,
,Fred,b01_Computer_Case,b01280_case-removable-filter,Website,Text Field,N/A,No,No,None,All Product Types,No,,Yes,No,No,No,,,Yes,Yes,No,,Removable Filter,N/A,,,,,,
,Fred,b01_Computer_Case,b01290_case-series,Website,Text Field,N/A,No,No,None,All Product Types,Yes,,Yes,No,No,No,,,Yes,Yes,No,,Series Name,N/A,,,,,,
,Fred,b01_Computer_Case,b01300_case-side-air-duct,Website,Dropdown,N/A,No,No,None,All Product Types,No,,Yes,No,No,No,,,Yes,Yes,No,,Side Air Duct,"Yes, No",,,,,,
,Fred,b01_Computer_Case,b01310_case-side-panel-window,Website,Dropdown,N/A,No,No,None,All Product Types,Yes,,Yes,Filterable (With Results),Yes,No,3,,Yes,Yes,No,,Side Panel Window,"Yes, No",,,,,,
,Fred,b01_Computer_Case,b01320_case-slot-in-odd-bays,Website,Text Field,N/A,No,No,None,All Product Types,No,,Yes,No,No,No,,,Yes,Yes,No,,Slot-in ODD Bays,N/A,,,,,,
,Fred,b01_Computer_Case,b01330_case-type,Website,Text Field,N/A,No,No,None,All Product Types,Yes,,Yes,Filterable (With Results),Yes,No,1,,Yes,Yes,No,,Type,N/A,,,,,,
,Fred,b01_Computer_Case,b01340_case-weight,Website,Text Field,N/A,No,No,None,All Product Types,No,,Yes,No,No,No,,,Yes,Yes,No,,Net Weight (lbs / kg),N/A,,,,,,
,Fred,b01_Computer_Case,b01350_case-with-front-lcd-display,Website,Dropdown,N/A,No,No,None,All Product Types,No,,Yes,No,No,No,,,Yes,Yes,No,,With Front LCD Display,"Yes, No",,,,,,
,Fred,b01_Computer_Case,b01360_case-with-power-supply,Website,Dropdown,N/A,No,No,None,All Product Types,No,,Yes,Filterable (With Results),Yes,No,4,,Yes,Yes,No,,With Power Supply,"Yes, No",,,,,,
,Fred,b01_Computer_Case,b01380_case-external-35-drive-bays,Website,Dropdown,N/A,No,No,None,All Product Types,No,,Yes,No,No,No,,,Yes,Yes,No,,External 5.25" Drive Bays,"0, 1, 2, 3, 4, 5, 6, 7, 8, 9, 10+",,,,,,
,Fred,b01_Computer_Case,b01390_case-internal-25-drive-bays,Website,Dropdown,N/A,No,No,None,All Product Types,No,,Yes,No,No,No,,,Yes,Yes,No,,Internal 2.5" Drive Bays,"0, 1, 2, 3, 4, 5, 6, 7, 8, 9, 10+",,,,,,
,Fred,b01_Computer_Case,b01400_case-internal-35-drive-bays,Website,Dropdown,N/A,No,No,None,All Product Types,No,,Yes,No,No,No,,,Yes,Yes,No,,Internal 3.5" Drive Bays,"0,1,2,3,4,5,6,7,8,9,10+",,,,,,
,Fred,b01_Computer_Case,b01410_gaming-case-external-3.5-drive-bay,Website,Dropdown,N/A,No,No,None,All Product Types,No,,Yes,No,No,No,,,Yes,Yes,No,,External 3.5'' Drive Bays,"0, 1, 2, 3, 4",,,,,,
,Fred,b01_Computer_Case,b01460_case-manufacturer-warranty-labor,Website,Dropdown,N/A,No,No,None,All Product Types,No,,Yes,No,No,No,,,Yes,Yes,No,,Manufacture Labor Warranty," 1 Year, 2 Years, 3 Years, 4 Years, 5 Years, 6 Years, 7 Years, 10 Years, Lifetime",,,,,,
,Fred,b01_Computer_Case,b01470_case-manufacturer-warranty-part,Website,Dropdown,N/A,No,No,None,All Product Types,No,,Yes,No,No,No,,,Yes,Yes,No,,Manufacture Parts Warranty," 1 Year, 2 Years, 3 Years, 4 Years, 5 Years, 6 Years, 7 Years, 10 Years, Lifetime",,,,,,
,Fred,b66_Headsets_and_Accessories,b66000_global-app-enabled,Website,Dropdown,,No,No,None,All Product Types,No,,Yes,No,No,No,,,Yes,Yes,No,,Global App-Enabled,"Yes, No",,,,,,
,Fred,b66_Headsets_and_Accessories,b66010_headsets-brand,Website,Dropdown,,No,No,None,All Product Types,No,,Yes,No,No,No,,,Yes,Yes,No,,Brand,Rosewill,,,,,,
,Fred,b66_Headsets_and_Accessories,b66020_headsets-color,Website,Text Field,,No,No,None,All Product Types,No,,Yes,No,No,No,,,Yes,Yes,No,,Color,N/A,,,,,,
,Fred,b66_Headsets_and_Accessories,b66030_headsets-connector,Website,Multiple Select,,No,No,None,All Product Types,No,,Yes,Filterable (Without Results),Yes,No,1,,Yes,Yes,No,,Connector,"3.5mm, 1/4"", USB, Bluetooth",,,,,,
,Fred,b66_Headsets_and_Accessories,b66040_headsets-cord-length,Website,Text Field,,No,No,None,All Product Types,No,,Yes,No,No,No,,,Yes,Yes,No,,Cord Length,N/A,,,,,,
,Fred,b66_Headsets_and_Accessories,b66050_headsets-distance,Website,Text Field,,No,No,None,All Product Types,No,,Yes,No,No,No,,,Yes,Yes,No,,Distance,N/A,,,,,,
,Fred,b66_Headsets_and_Accessories,b66060_headsets-driver-unit,Website,Text Area,,No,No,None,All Product Types,No,,Yes,No,No,No,,,Yes,Yes,No,,Driver Unit,N/A,,,,,,
,Fred,b66_Headsets_and_Accessories,b66070_headsets-ear-coupling,Website,Text Area,,No,No,None,All Product Types,Yes,,Yes,No,No,No,,,Yes,Yes,No,,Ear Coupling,N/A,,,,,,
,Fred,b66_Headsets_and_Accessories,b66080_headsets-features,Website,Text Area,,No,No,None,All Product Types,Yes,,Yes,No,No,No,,,Yes,Yes,No,,Features,N/A,,,,,,
,Fred,b66_Headsets_and_Accessories,b66090_headsets-headphone-frequency-response,Website,Text Area,,No,No,None,All Product Types,Yes,,Yes,No,No,No,,,Yes,Yes,No,,Headphone Frequency Response,N/A,,,,,,
,Fred,b66_Headsets_and_Accessories,b66100_headsets-headphone-input-impedance,Website,Text Area,,No,No,None,All Product Types,Yes,,Yes,No,No,No,,,Yes,Yes,No,,Headphone Input Impedance,N/A,,,,,,
,Fred,b66_Headsets_and_Accessories,b66110_headsets-headphone-sensitivity,Website,Text Area,,No,No,None,All Product Types,Yes,,Yes,No,No,No,,,Yes,Yes,No,,Headphone Sensitivity,N/A,,,,,,
,Fred,b66_Headsets_and_Accessories,b66120_headsets-headphone-signal-to-noise-ratio-(SNR),Website,Text Area,,No,No,None,All Product Types,Yes,,Yes,No,No,No,,,Yes,Yes,No,,Headphone Signal to Noise Ratio (SNR),N/A,,,,,,
,Fred,b66_Headsets_and_Accessories,b66130_headsets-headphone-THD,Website,Text Area,,No,No,None,All Product Types,No,,Yes,No,No,No,,,Yes,Yes,No,,Headphone THD,N/A,,,,,,
,Fred,b66_Headsets_and_Accessories,b66140_headsets-microphone-frequency-response,Website,Text Area,,No,No,None,All Product Types,Yes,,Yes,No,No,No,,,Yes,Yes,No,,Microphone Frequency Response,N/A,,,,,,
,Fred,b66_Headsets_and_Accessories,b66150_headsets-microphone-impedance,Website,Text Area,,No,No,None,All Product Types,Yes,,Yes,No,No,No,,,Yes,Yes,No,,Microphone Impedance,N/A,,,,,,
,Fred,b66_Headsets_and_Accessories,b66160_headsets-microphone-sensitivity,Website,Text Area,,No,No,None,All Product Types,Yes,,Yes,No,No,No,,,Yes,Yes,No,,Microphone Sensitivity,"-60dB +/-3dB, -38dB +/-3dB, S.P.L.: -56dB +/-2dB, N/A ",,,,,,
,Fred,b66_Headsets_and_Accessories,b66170_headsets-microphone-signal-to-noise-ratio-(SNR),Website,Text Area,,No,No,None,All Product Types,Yes,,Yes,No,No,No,,,Yes,Yes,No,,Microphone Signal to Noise Ratio (SNR),N/A,,,,,,
,Fred,b66_Headsets_and_Accessories,b66180_headsets-model,Website,Text Field,,No,No,None,All Product Types,Yes,,Yes,No,No,No,,,Yes,Yes,No,,Model,N/A,,,,,,
,Fred,b66_Headsets_and_Accessories,b66190_headsets-operating-time,Website,Text Field,,No,No,None,All Product Types,No,,Yes,No,No,No,,,Yes,Yes,No,,Operating Time,N/A,,,,,,
,Fred,b66_Headsets_and_Accessories,b66200_headsets-package-contents,Website,Text Area,,No,No,None,All Product Types,No,,Yes,No,No,No,,,Yes,Yes,No,,Package Contents,N/A,,,,,,
,Fred,b66_Headsets_and_Accessories,b66210_headsets-part,Website,Text Area,,No,No,None,All Product Types,No,,Yes,No,No,No,,,Yes,Yes,No,,Part,N/A,,,,,,
,Fred,b66_Headsets_and_Accessories,b66220_headsets-power-supply,Website,Text Area,,No,No,None,All Product Types,No,,Yes,No,No,No,,,Yes,Yes,No,,Power Supply,N/A,,,,,,
,Fred,b66_Headsets_and_Accessories,b66230_headsets-series,Website,Text Area,,No,No,None,All Product Types,Yes,,Yes,No,No,No,,,Yes,Yes,No,,Series,N/A,,,,,,
,Fred,b66_Headsets_and_Accessories,b66240_headsets-system-requirements,Website,Text Area,,No,No,None,All Product Types,No,,Yes,No,No,No,,,Yes,Yes,No,,System Requirements,N/A,,,,,,
,Fred,b66_Headsets_and_Accessories,b66250_headsets-weight,Website,Text Area,,No,No,None,All Product Types,No,,Yes,No,No,No,,,Yes,Yes,No,,Weight,N/A,,,,,,
,Fred,b66_Headsets_and_Accessories,b66260_headsets-wireless-type,Website,Dropdown,,No,No,None,All Product Types,No,,Yes,Filterable (Without Results),Yes,No,2,,Yes,Yes,No,,Wireless Type,Bluetooth 3.0,,,,,,
,Fred,b66_Headsets_and_Accessories,b66270_manufacturer-warranty-labor,Website,Dropdown,,No,No,None,All Product Types,No,,Yes,No,No,No,,,Yes,Yes,No,,Manufacturer Warranty Labor," 1 Year, 2 Years, 3 Years, 4 Years, 5 Years, 6 Years, 7 Years, 10 Years, Lifetime",,,,,,
,Fred,b66_Headsets_and_Accessories,b66280_manufacturer-warranty-parts,Website,Dropdown,,No,No,None,All Product Types,No,,Yes,No,No,No,,,Yes,Yes,No,,Manufacturer Warranty Parts," 1 Year, 2 Years, 3 Years, 4 Years, 5 Years, 6 Years, 7 Years, 10 Years, Lifetime",,,,,,
,Fred,b67_Speakers,b67000_common-package-contents,Website,Text Area,,No,No,None,All Product Types,No,,Yes,No,No,No,,,Yes,Yes,No,,Common Package Contents,N/A,,,,,,
,Fred,b67_Speakers,b67010_headsets-color,Website,Text Field,,No,No,None,All Product Types,Yes,,Yes,No,Yes,No,,,Yes,Yes,No,,Headsets Color,N/A,,,,,,
,Fred,b67_Speakers,b67020_manufacturer-warranty-labor,Website,Dropdown,,No,No,None,All Product Types,No,,Yes,No,No,No,,,Yes,Yes,No,,Manufacturer Warranty Labor," 1 Year, 2 Years, 3 Years, 4 Years, 5 Years, 6 Years, 7 Years, 10 Years, Lifetime",,,,,,
,Fred,b67_Speakers,b67030_manufacturer-warranty-parts,Website,Dropdown,,No,No,None,All Product Types,No,,Yes,No,No,No,,,Yes,Yes,No,,Manufacturer Warranty Parts," 1 Year, 2 Years, 3 Years, 4 Years, 5 Years, 6 Years, 7 Years, 10 Years, Lifetime",,,,,,
,Fred,b67_Speakers,b67040_speaker-brand,Website,Dropdown,,No,No,None,All Product Types,No,,Yes,No,No,No,,,Yes,Yes,No,,Brand,Rosewill,,,,,,
,Fred,b67_Speakers,b67050_speaker-configuration,Website,Text Field,,No,No,None,All Product Types,Yes,,Yes,No,Yes,No,,,Yes,Yes,No,,Configuration,N/A,,,,,,
,Fred,b67_Speakers,b67060_speaker-dimension,Website,Text Area,,No,No,None,All Product Types,No,,Yes,No,No,No,,,Yes,Yes,No,,Dimensions,N/A,,,,,,
,Fred,b67_Speakers,b67070_speaker-driver,Website,Text Area,,No,No,None,All Product Types,No,,Yes,No,No,No,,,Yes,Yes,No,,Driver,N/A,,,,,,
,Fred,b67_Speakers,b67080_speaker-features,Website,Text Area,,No,No,None,All Product Types,Yes,,Yes,No,No,No,,,Yes,Yes,No,,Features,N/A,,,,,,
,Fred,b67_Speakers,b67090_speaker-frequency-response,Website,Text Area,,No,No,None,All Product Types,Yes,,Yes,No,No,No,,,Yes,Yes,No,,Frequency Response,N/A,,,,,,
,Fred,b67_Speakers,b67100_speaker-impedance,Website,Text Field,,No,No,None,All Product Types,Yes,,Yes,No,No,No,,,Yes,Yes,No,,Impedance,N/A,,,,,,
,Fred,b67_Speakers,b67110_speaker-model,Website,Text Field,,No,No,None,All Product Types,Yes,,Yes,No,Yes,No,,,Yes,Yes,No,,Model,N/A,,,,,,
,Fred,b67_Speakers,b67120_speaker-part#,Website,Text Field,,No,No,None,All Product Types,Yes,,Yes,No,No,No,,,Yes,Yes,No,,Part#,N/A,,,,,,
,Fred,b67_Speakers,b67130_speaker-power-supply,Website,Text Field,,No,No,None,All Product Types,No,,Yes,No,No,No,,,Yes,Yes,No,,Power Supply,N/A,,,,,,
,Fred,b67_Speakers,b67140_speaker-remote,Website,Dropdown,,No,No,None,All Product Types,Yes,,Yes,Filterable (Without Results),Yes,No,4,,Yes,Yes,No,,Remote,"Yes, No",,,,,,
,Fred,b67_Speakers,b67150_speaker-satellite-RMS-power-/each,Website,Text Area,,No,No,None,All Product Types,No,,Yes,No,No,No,,,Yes,Yes,No,,Satellite RMS Power /each,N/A,,,,,,
,Fred,b67_Speakers,b67160_speaker-series,Website,Text Field,,No,No,None,All Product Types,Yes,,Yes,No,No,No,,,Yes,Yes,No,,Series,N/A,,,,,,
,Fred,b67_Speakers,b67170_speaker-signal-to-noise-ratio-(SNR),Website,Text Field,,No,No,None,All Product Types,Yes,,Yes,No,No,No,,,Yes,Yes,No,,Signal to Noise Ratio (SNR),N/A,,,,,,
,Fred,b67_Speakers,b67180_speaker-subwoofer-RMS-power,Website,Text Area,,No,No,None,All Product Types,Yes,,Yes,Filterable (With Results),Yes,No,3,,Yes,Yes,No,,Subwoofer RMS Power,N/A,,,,,,
,Fred,b67_Speakers,b67190_speaker-system-requirements,Website,Text Field,,No,No,None,All Product Types,No,,Yes,No,No,No,,,Yes,Yes,No,,System Requirements,N/A,,,,,,
,Fred,b67_Speakers,b67200_speaker-total-power,Website,Text Field,,No,No,None,All Product Types,Yes,,Yes,Filterable (Without Results),Yes,No,2,,Yes,Yes,No,,Total Power,N/A,,,,,,
,Fred,b67_Speakers,b67210_speaker-type,Website,Text Area,,No,No,None,All Product Types,Yes,,Yes,Filterable (With Results),Yes,No,1,,Yes,Yes,No,,Type,N/A,,,,,,
,Fred,b67_Speakers,b67220_speaker-weight,Website,Text Field,,No,No,None,All Product Types,No,,Yes,No,No,No,,,Yes,Yes,No,,Weight,N/A,,,,,,
,Fred,b68_Power_Supplies,b68000_manufacturer-warranty-labor,Website,Dropdown,,No,No,None,All Product Types,No,,Yes,No,No,No,,,Yes,Yes,No,,Manufacturer Warranty Labor," 1 Year, 2 Years, 3 Years, 4 Years, 5 Years, 6 Years, 7 Years, 10 Years, Lifetime",,,,,,
,Fred,b68_Power_Supplies,b68010_manufacturer-warranty-parts,Website,Dropdown,,No,No,None,All Product Types,No,,Yes,No,No,No,,,Yes,Yes,No,,Manufacturer Warranty Parts," 1 Year, 2 Years, 3 Years, 4 Years, 5 Years, 6 Years, 7 Years, 10 Years, Lifetime",,,,,,
,Fred,b68_Power_Supplies,b68020_power-supplies-size/dimensions,Website,Text Field,,No,No,None,All Product Types,No,,Yes,No,No,No,,,Yes,Yes,No,,Power Supplies Size/Dimensions,N/A,,,,,,
,Fred,b68_Power_Supplies,b68030_power-supply-+12v-rails,Website,Dropdown,,No,No,None,All Product Types,Yes,,Yes,Filterable (With Results),Yes,No,7,,Yes,Yes,No,,+12V Rails,"Single, Multiple",,,,,,
,Fred,b68_Power_Supplies,b68040_power-supply-+12v1-max.-current,Website,Text Field,,No,No,None,All Product Types,No,,Yes,No,No,No,,,Yes,Yes,No,,+12V1 Max. Current,N/A,,,,,,
,Fred,b68_Power_Supplies,b68050_power -supply-+12v2-max.-current,Website,Text Field,,No,No,None,All Product Types,No,,Yes,No,No,No,,,Yes,Yes,No,,+12V2 Max. Current,N/A,,,,,,
,Fred,b68_Power_Supplies,b68060_power-supply-+12v3-max.-current,Website,Text Field,,No,No,None,All Product Types,No,,Yes,No,No,No,,,Yes,Yes,No,,+12V3 Max. Current,N/A,,,,,,
,Fred,b68_Power_Supplies,b68070_power-supply-+12v4-max.-current,Website,Text Field,,No,No,None,All Product Types,No,,Yes,No,No,No,,,Yes,Yes,No,,+12V4 Max. Current,N/A,,,,,,
,Fred,b68_Power_Supplies,b68080_power-supply-+12v5-max.-current,Website,Text Field,,No,No,None,All Product Types,No,,Yes,No,No,No,,,Yes,Yes,No,,+12V5 Max. Current,N/A,,,,,,
,Fred,b68_Power_Supplies,b68090_power-supply-+12v6-max.-current,Website,Text Field,,No,No,None,All Product Types,No,,Yes,No,No,No,,,Yes,Yes,No,,+12V6 Max. Current,N/A,,,,,,
,Fred,b68_Power_Supplies,b68100_power-supply-+3.3v-max.-current,Website,Text Field,,No,No,None,All Product Types,No,,Yes,No,No,No,,,Yes,Yes,No,,+3.3V Max. Current,N/A,,,,,,
,Fred,b68_Power_Supplies,b68110_power-supply-+5v-max.-current,Website,Text Field,,No,No,None,All Product Types,No,,Yes,No,No,No,,,Yes,Yes,No,,+5V Max. Current,N/A,,,,,,
,Fred,b68_Power_Supplies,b68120_power-supply-+5vsb-max.-current,Website,Text Field,,No,No,None,All Product Types,No,,Yes,No,No,No,,,Yes,Yes,No,,+5VSB Max. Current,N/A,,,,,,
,Fred,b68_Power_Supplies,b68130_power-supply--12v-max.-current,Website,Text Field,,No,No,None,All Product Types,No,,Yes,No,No,No,,,Yes,Yes,No,,-12V Max. Current,N/A,,,,,,
,Fred,b68_Power_Supplies,b68140_power-supply-12v-power-connector,Website,Text Field,,No,No,None,All Product Types,No,,Yes,No,No,No,,,Yes,Yes,No,,12V Power Connector,N/A,,,,,,
,Fred,b68_Power_Supplies,b68150_power-supply-approvals,Website,Multiple Select,,No,No,None,All Product Types,No,,Yes,No,No,No,,,Yes,Yes,No,,Approvals,"CB, CE, CSA, FCC, ROHS, TUV, cTUVus, UL",,,,,,
,Fred,b68_Power_Supplies,b68160_power-supply-crossfire,Website,Dropdown,,No,No,None,All Product Types,Yes,,Yes,Filterable (With Results),Yes,No,6,,Yes,Yes,No,,CrossFire-Ready,"Yes, No",,,,,,
,Fred,b68_Power_Supplies,b68170_power-supply-dimensions,Website,Text Field,,No,No,None,All Product Types,No,,Yes,No,No,No,,,Yes,Yes,No,,Dimensions,N/A,,,,,,
,Fred,b68_Power_Supplies,b68180_power-supply-efficiency,Website,Text Field,,No,No,None,All Product Types,No,,Yes,No,No,No,,,Yes,Yes,No,,Efficiency,N/A,,,,,,
,Fred,b68_Power_Supplies,b68190_power-supply-energy-efficient,Website,Dropdown,,No,No,None,All Product Types,Yes,,Yes,Filterable (Without Results),Yes,No,1,,Yes,Yes,No,,Energy-Efficient,"80Plus Titanium, 80Plus Platinum, 80Plus Gold, 80Plus Silver, 80Plus Bronze, 80Plus",,,,,,
,Fred,b68_Power_Supplies,b68200_power-supply-fans total quantity,Website,Dropdown,,No,No,None,All Product Types,No,,Yes,Filterable (With Results),Yes,No,14,,Yes,Yes,No,,Fans Total Quantity,"1, 2, 3+",,,,,,
,Fred,b68_Power_Supplies,b68210_power-supply-features,Website,Text Area,,No,No,None,All Product Types,Yes,,Yes,No,No,No,,,Yes,Yes,No,,Features,N/A,,,,,,
,Fred,b68_Power_Supplies,b68220_power-supply-floppy connector,Website,Text Field,,No,No,None,All Product Types,No,,Yes,No,No,No,,,Yes,Yes,No,,Floppy Connector,N/A,,,,,,
,Fred,b68_Power_Supplies,b68230_power-supply-frequency range,Website,Text Field,,No,No,None,All Product Types,Yes,,Yes,No,No,No,,,Yes,Yes,No,,Frequency Range,N/A,,,,,,
,Fred,b68_Power_Supplies,b68240_power-supply-hold-up time,Website,Text Field,,No,No,None,All Product Types,Yes,,Yes,No,No,No,,,Yes,Yes,No,,Hold-up Time,N/A,,,,,,
,Fred,b68_Power_Supplies,b68250_power-supply-input current,Website,Text Area,,No,No,None,All Product Types,Yes,,Yes,No,No,No,,,Yes,Yes,No,,Input Current,N/A,,,,,,
,Fred,b68_Power_Supplies,b68260_power-supply-input voltage,Website,Text Area,,No,No,None,All Product Types,Yes,,Yes,No,No,No,,,Yes,Yes,No,,Input Voltage,N/A,,,,,,
,Fred,b68_Power_Supplies,b68270_power-supply-main connector,Website,Text Field,,No,No,None,All Product Types,Yes,,Yes,Filterable (Without Results),Yes,No,8,,Yes,Yes,No,,Main Connector,N/A,,,,,,
,Fred,b68_Power_Supplies,b68280_power-supply-modular,Website,Dropdown,,No,No,None,All Product Types,Yes,,Yes,Filterable (Without Results),Yes,No,3,,Yes,Yes,No,,Modular,"Non, Semi-Modular, Full Modular",,,,,,
,Fred,b68_Power_Supplies,b68290_power-supply-mtbf,Website,Text Area,,No,No,None,All Product Types,No,,Yes,No,No,No,,,Yes,Yes,No,,MTBF,N/A,,,,,,
,Fred,b68_Power_Supplies,b68300_power-supply-over-current-protection,Website,Dropdown,,No,No,None,All Product Types,No,,Yes,No,No,No,,,Yes,Yes,No,,Over Current Protection,"Yes, No",,,,,,
,Fred,b68_Power_Supplies,b68310_power-supply-over-load-protection,Website,Dropdown,,No,No,None,All Product Types,No,,Yes,No,No,No,,,Yes,Yes,No,,Over Load Protection,"Yes, No",,,,,,
,Fred,b68_Power_Supplies,b68320_power-supply-over-power-protection,Website,Dropdown,,No,No,None,All Product Types,No,,Yes,No,No,No,,,Yes,Yes,No,,Over Power Protection,"Yes, No",,,,,,
,Fred,b68_Power_Supplies,b68330_power-supply-over-temperature-protection,Website,Dropdown,,No,No,None,All Product Types,No,,Yes,No,No,No,,,Yes,Yes,No,,Over Temperature Protection,"Yes, No",,,,,,
,Fred,b68_Power_Supplies,b68340_power-supply-over-voltage-protection,Website,Dropdown,,No,No,None,All Product Types,No,,Yes,No,No,No,,,Yes,Yes,No,,Over Voltage Protection,"Yes, No",,,,,,
,Fred,b68_Power_Supplies,b68350_power-supply-pci-express connector,Website,Text Area,,No,No,None,All Product Types,Yes,,Yes,Filterable (Without Results),Yes,No,9,,Yes,Yes,No,,PCI-Express Connector,N/A,,,,,,
,Fred,b68_Power_Supplies,b68360_power-supply-peak-power,Website,Text Field,,No,No,None,All Product Types,Yes,,Yes,Filterable (Without Results),Yes,No,2,,Yes,Yes,No,,Peak Power,N/A,,,,,,
,Fred,b68_Power_Supplies,b68370_power-supply-peripheral-connector,Website,Text Area,,No,No,None,All Product Types,Yes,,Yes,Filterable (Without Results),Yes,No,11,,Yes,Yes,No,,Peripheral Connector,N/A,,,,,,
,Fred,b68_Power_Supplies,b68380_power-supply-pfc,Website,Dropdown,,No,No,None,All Product Types,Yes,,Yes,Filterable (Without Results),Yes,No,4,,Yes,Yes,No,,PFC,"Active, No",,,,,,
,Fred,b68_Power_Supplies,b68390_power-supply-power-good-signal,Website,Text Field,,No,No,None,All Product Types,No,,Yes,No,No,No,,,Yes,Yes,No,,Power Good Signal,N/A,,,,,,
,Fred,b68_Power_Supplies,b68400_power-supply-power-rating,Website,Text Field,,No,No,None,All Product Types,Yes,,Yes,No,No,No,,,Yes,Yes,No,,Power Rating,N/A,,,,,,
,Fred,b68_Power_Supplies,b68420_power-supply-fan-type,Website,Text Field,,No,No,None,All Product Types,No,,Yes,Filterable (With Results),Yes,No,12,,Yes,Yes,No,,Fan Type,N/A,,,,,,
,Fred,b68_Power_Supplies,b68430_power-supply-rear-fans-led,Website,Dropdown,,No,No,None,All Product Types,No,,Yes,No,No,No,,,Yes,Yes,No,,Fans LED,"Yes, No",,,,,,
,Fred,b68_Power_Supplies,b68450_power-supply-rear-fans-rpm,Website,Text Field,,No,No,None,All Product Types,No,,Yes,No,No,No,,,Yes,Yes,No,,Fans RPM,N/A,,,,,,
,Fred,b68_Power_Supplies,b68460_power-supply-rear-fans-size,Website,Text Field,,No,No,None,All Product Types,No,,Yes,Filterable (With Results),Yes,No,13,,Yes,Yes,No,,Fans Size (mm),N/A,,,,,,
,Fred,b68_Power_Supplies,b68470_power-supply-sata-power-connector,Website,Text Area,,No,No,None,All Product Types,Yes,,Yes,Filterable (Without Results),Yes,No,10,,Yes,Yes,No,,SATA Power Connector,N/A,,,,,,
,Fred,b68_Power_Supplies,b68480_power-supply-short-circuit-protection,Website,Dropdown,,No,No,None,All Product Types,No,,Yes,No,No,No,,,Yes,Yes,No,,Short Circuit Protection,"Yes, No",,,,,,
,Fred,b68_Power_Supplies,b68490_power-supply-sli,Website,Dropdown,,No,No,None,All Product Types,Yes,,Yes,Filterable (With Results),Yes,No,5,,Yes,Yes,No,,SLI-Ready,"Yes, No",,,,,,
,Fred,b68_Power_Supplies,b68550_power-supply-type,Website,Text Field,,No,No,None,All Product Types,Yes,,Yes,No,No,No,,,Yes,Yes,No,,Type,N/A,,,,,,
,Fred,b68_Power_Supplies,b68560_power-supply-under-voltage-protection,Website,Dropdown,,No,No,None,All Product Types,No,,Yes,No,No,No,,,Yes,Yes,No,,Under Voltage Protection,"Yes, No",,,,,,
,Fred,b68_Power_Supplies,b68570_power-supply-weight,Website,Text Field,,No,No,None,All Product Types,No,,Yes,No,No,No,,,Yes,Yes,No,,Weight,N/A,,,,,,
,Fred,b68_Power_Supplies,b68600_psu-brand,Website,Dropdown,,No,No,None,All Product Types,No,,Yes,No,No,No,,,Yes,Yes,No,,PSU Brand,Rosewill,,,,,,
,Fred,b68_Power_Supplies,b68610_psu-connectors,Website,Text Area,,No,No,None,All Product Types,No,,Yes,No,No,No,,,Yes,Yes,No,,PSU Connectors,N/A,,,,,,
,Fred,b68_Power_Supplies,b68680_psu-haswell-support,Website,Dropdown,,No,No,None,All Product Types,Yes,,Yes,No,No,No,,,Yes,Yes,No,,PSU Haswell Support,"Yes, No",,,,,,
,Fred,b68_Power_Supplies,b68750_psu-model,Website,Text Field,,No,No,None,All Product Types,Yes,,Yes,No,No,No,,,Yes,Yes,No,,PSU Model,N/A,,,,,,
,Fred,b68_Power_Supplies,b68780_psu-output,Website,Text Field,,No,No,None,All Product Types,Yes,,Yes,No,No,No,,,Yes,Yes,No,,PSU Output,N/A,,,,,,
,Fred,b68_Power_Supplies,b68850_psu-series,Website,Text Field,,No,No,None,All Product Types,Yes,,Yes,No,No,No,,,Yes,Yes,No,,PSU Series,N/A,,,,,,
,Fred,b68_Power_Supplies,b68870_psu-type,Website,Text Field,,No,No,None,All Product Types,Yes,,Yes,No,No,No,,,Yes,Yes,No,,PSU Type,N/A,,,,,,
,Fred,b68_Power_Supplies,b68880_psu-weight,Website,Text Field,,No,No,None,All Product Types,No,,Yes,No,No,No,,,Yes,Yes,No,,PSU Weight,N/A,,,,,,
,Thaid,b69_keyboard,b69000_common-package-contents,Website,Text Area,,No,No,None,All Product Types,No,,Yes,No,No,No,,,Yes,Yes,No,,Package Contents,N/A,,,,,,
,Thaid,b69_keyboard,b69010_kb-brand,Website,Dropdown,,No,No,None,All Product Types,No,,Yes,No,No,No,,,Yes,Yes,No,,Brand,Rosewill,,,,,,
,Thaid,b69_keyboard,b69030_kb-design style,Website,Dropdown,,No,No,None,All Product Types,No,,Yes,No,No,No,,,Yes,Yes,No,,Design Style,"Gaming, Slim, Traditional, Other",,,,,,
,Thaid,b69_keyboard,b69040_kb-dimensions,Website,Text Area,,No,No,None,All Product Types,No,,Yes,No,No,No,,,Yes,Yes,No,,Dimensions,N/A,,,,,,
,Thaid,b69_keyboard,b69050_kb-distance,Website,Text Field,,No,No,None,All Product Types,No,,Yes,No,No,No,,,Yes,Yes,No,,Distance,N/A,,,,,,
,Thaid,b69_keyboard,b69060_kb-features,Website,Text Area,,No,No,None,All Product Types,Yes,,Yes,No,No,No,,,Yes,Yes,No,,Features,N/A,,,,,,
,Thaid,b69_keyboard,b69070_kb-function keys,Website,Text Field,,No,No,None,All Product Types,Yes,,Yes,No,No,No,,,Yes,Yes,No,,Function Keys,N/A,,,,,,
,Thaid,b69_keyboard,b69090_kb-key switch type,Website,Dropdown,,No,No,None,All Product Types,Yes,,Yes,Filterable (With Results),Yes,No,1,,Yes,Yes,No,,Key Switch Type,"Brown, Blue, Red, Black",,,,,,
,Thaid,b69_keyboard,b69100_kb-keyboard color,Website,Dropdown,,No,No,None,All Product Types,No,,Yes,No,No,No,,,Yes,Yes,No,,Keyboard Color,"Black, White, Multi-color, Other",,,,,,
,Thaid,b69_keyboard,b69110_kb-keyboard interface,Website,Dropdown,,No,No,None,All Product Types,Yes,,Yes,Filterable (Without Results),No,No,7,,Yes,Yes,No,,Keyboard Interface,"USB, USB or PS/2, Bluetooth, RF",,,,,,
,Thaid,b69_keyboard,b69120_kb-mechanical keyboard,Website,Dropdown,,No,No,None,All Product Types,Yes,,Yes,Filterable (With Results),Yes,No,2,,Yes,Yes,No,,Mechanical Keyboard,"Yes, No",,,,,,
,Thaid,b69_keyboard,b69130_kb-model,Website,Text Field,,No,No,None,All Product Types,No,,Yes,No,No,No,,,Yes,Yes,No,,Model,N/A,,,,,,
,Thaid,b69_keyboard,b69140_kb-mouse color,Website,Multiple Select,,No,No,None,All Product Types,No,,Yes,No,No,No,,,Yes,Yes,No,,Mouse Color,"Black, Silver, White, Multi-color",,,,,,
,Thaid,b69_keyboard,b69150_kb-mouse dpi,Website,Text Field,,No,No,None,All Product Types,Yes,,Yes,No,No,No,,,Yes,Yes,No,,Mouse DPI,N/A,,,,,,
,Thaid,b69_keyboard,b69160_kb-mouse included,Website,Dropdown,,No,No,None,All Product Types,Yes,,Yes,Filterable (With Results),Yes,No,8,,Yes,Yes,No,,Mouse Included,"Yes, No, Built-In Touchpad",,,,,,
,Thaid,b69_keyboard,b69170_kb-mouse interface,Website,Dropdown,,No,No,None,All Product Types,Yes,,Yes,No,No,No,,,Yes,Yes,No,,Mouse Interface,"USB, USB or PS/2, Bluetooth, RF",,,,,,
,Thaid,b69_keyboard,b69180_kb-name,Website,Text Field,,No,No,None,All Product Types,No,,Yes,No,No,No,,,Yes,Yes,No,,Name,N/A,,,,,,
,Thaid,b69_keyboard,b69190_kb-normal keys,Website,Dropdown,,No,No,None,All Product Types,No,,Yes,No,No,No,,,Yes,Yes,No,,Normal Keys,"87, 104",,,,,,
,Thaid,b69_keyboard,b69200_kb-operating system supported,Website,Multiple Select,,No,No,None,All Product Types,Yes,,Yes,No,No,No,,,Yes,Yes,No,,Operating System Supported,"Microsoft ME, Windows 2000, Windows XP, Windows Vista, Windows 7, Windows 8.1, Other",,,,,,
,Thaid,b69_keyboard,b69220_kb-palm rest,Website,Dropdown,,No,No,None,All Product Types,Yes,,Yes,Filterable (With Results),Yes,No,3,,Yes,Yes,No,,Palm Rest,"Detachable, Yes, No",,,,,,
,Thaid,b69_keyboard,b69230_kb-power supply,Website,Text Field,,No,No,None,All Product Types,No,,Yes,No,No,No,,,Yes,Yes,No,,Power Supply,N/A,,,,,,
,Thaid,b69_keyboard,b69240_kb-scrolling capability,Website,Dropdown,,No,No,None,All Product Types,No,,Yes,No,No,No,,,Yes,Yes,No,,Scrolling Capability,"Wheel, None",,,,,,
,Thaid,b69_keyboard,b69270_kb-tracking method,Website,Dropdown,,No,No,None,All Product Types,No,,Yes,Filterable (Without Results),No,No,5,,Yes,Yes,No,,Tracking Method,"Optical, Laser, Other",,,,,,
,Thaid,b69_keyboard,b69280_kb-type,Website,Dropdown,,No,No,None,All Product Types,Yes,,Yes,Filterable (Without Results),No,No,6,,Yes,Yes,No,,Type,"Wired, Wireless",,,,,,
,Thaid,b69_keyboard,b69290_manufacturer warranty_labor,Website,Dropdown,,No,No,None,All Product Types,No,,Yes,No,No,No,,,Yes,Yes,No,,Manufacturer Warranty Labor," 1 Year, 2 Years, 3 Years, 4 Years, 5 Years, 6 Years, 7 Years, 10 Years, Lifetime",,,,,,
,Thaid,b69_keyboard,b69300_manufacturer warranty_parts,Website,Dropdown,,No,No,None,All Product Types,No,,Yes,No,No,No,,,Yes,Yes,No,,Manufacturer Warranty Parts," 1 Year, 2 Years, 3 Years, 4 Years, 5 Years, 6 Years, 7 Years, 10 Years, Lifetime",,,,,,
,Thaid,b69_keyboard,b69310_mouse-mouse-adjustable-weight,Website,Dropdown,,No,No,None,All Product Types,No,,Yes,Filterable (Without Results),,No,4,,Yes,Yes,No,,Mouse Adjustable Weight,"Yes, No",,,,,,
,Thaid,b69_keyboard,b69320_mouse-mouse-grip-style,Website,Text Field,,No,No,None,All Product Types,No,,Yes,No,No,No,,,Yes,Yes,No,,Mouse Grip Style,N/A,,,,,,
,Thaid,b70_mouse,b70000_common-package-contents,Website,Text Area,,No,No,None,All Product Types,No,,Yes,No,No,No,,,Yes,Yes,No,,Package Contents,N/A,,,,,,
,Thaid,b70_mouse,b70010_manufacturer-warranty-labor,Website,Dropdown,,No,No,None,All Product Types,No,,Yes,No,No,No,,,Yes,Yes,No,,Manufacturer Warranty Labor," 1 Year, 2 Years, 3 Years, 4 Years, 5 Years, 6 Years, 7 Years, 10 Years, Lifetime",,,,,,
,Thaid,b70_mouse,b70020_manufacturer-warranty-parts,Website,Dropdown,,No,No,None,All Product Types,No,,Yes,No,No,No,,,Yes,Yes,No,,Manufacturer Warranty Parts," 1 Year, 2 Years, 3 Years, 4 Years, 5 Years, 6 Years, 7 Years, 10 Years, Lifetime",,,,,,
,Thaid,b70_mouse,b70030_mouse-brand,Website,Dropdown,,No,No,None,All Product Types,No,,Yes,No,No,No,,,Yes,Yes,No,,Brand,Rosewill,,,,,,
,Thaid,b70_mouse,b70040_mouse-buttons,Website,Dropdown,,No,No,None,All Product Types,Yes,,Yes,Filterable (With Results),Yes,No,1,,Yes,Yes,No,,Buttons,"3, 5, 7, Other",,,,,,
,Thaid,b70_mouse,b70050_mouse-color,Website,Text Field,,No,No,None,All Product Types,No,,Yes,No,No,No,,,Yes,Yes,No,,Color,N/A,,,,,,
,Thaid,b70_mouse,b70060_mouse-features,Website,Text Area,,No,No,None,All Product Types,Yes,,Yes,No,No,No,,,Yes,Yes,No,,Features,N/A,,,,,,
,Thaid,b70_mouse,b70070_mouse-hand-orientation,Website,Dropdown,,No,No,None,All Product Types,Yes,,Yes,Filterable (With Results),Yes,No,3,,Yes,Yes,No,,Hand Orientation,"Right, Left, Either",,,,,,
,Thaid,b70_mouse,b70080_mouse-interface,Website,Dropdown,,No,No,None,All Product Types,Yes,,Yes,Filterable (With Results),Yes,No,4,,Yes,Yes,No,,Interface,"USB, PS/2, RF Wireless",,,,,,
,Thaid,b70_mouse,b70090_mouse-maximum-dpi,Website,Text Field,,No,No,None,All Product Types,Yes,,Yes,No,No,No,,,Yes,Yes,No,,Maximum dpi,N/A,,,,,,
,Thaid,b70_mouse,b70100_mouse-model,Website,Text Field,,No,No,None,All Product Types,No,,Yes,No,No,No,,,Yes,Yes,No,,Model,N/A,,,,,,
,Thaid,b70_mouse,b70110_mouse-mouse-adjustable-weight,Website,Dropdown,,No,No,None,All Product Types,Yes,,Yes,Filterable (With Results),Yes,No,2,,Yes,Yes,No,,Adjustable Weight,"Yes, No",,,,,,
,Thaid,b70_mouse,b70120_mouse-mouse-grip-style,Website,Text Field,,No,No,None,All Product Types,No,,Yes,No,No,No,,,Yes,Yes,No,,Grip Style,N/A,,,,,,
,Thaid,b70_mouse,b70130_mouse-name,Website,Text Field,,No,No,None,All Product Types,No,,Yes,No,No,No,,,Yes,Yes,No,,Name,N/A,,,,,,
,Thaid,b70_mouse,b70140_mouse-operating-system-supported,Website,Dropdown,,No,No,None,All Product Types,Yes,,Yes,Filterable (Without Results),No,No,7,,Yes,Yes,No,,Operating System Supported,"Windows 95, Windows 98, Windows 2000, Microsoft ME, Windows XP, Windows Vista, Windows 7, Windows 8.1, Windows NT ",,,,,,
,Thaid,b70_mouse,b70150_mouse-scrolling-capability,Website,Dropdown,,No,No,None,All Product Types,Yes,,Yes,Filterable (Without Results),No,No,6,,Yes,Yes,No,,Scrolling Capability,"Wheel, Other",,,,,,
,Thaid,b70_mouse,b70170_mouse-tracking-method,Website,Dropdown,,No,No,None,All Product Types,Yes,,Yes,Filterable (Without Results),No,No,5,,Yes,Yes,No,,Tracking Method,"Optical, Laser, Other",,,,,,
,Thaid,b70_mouse,b70180_mouse-type,Website,Dropdown,,No,No,None,All Product Types,No,,Yes,Filterable (With Results),Yes,No,8,,Yes,Yes,No,,Type,"Wired, Wireless",,,,,,
